Model,MAE,MSE,RMSE,R2,RMSLE,MAPE,TT (Sec),Subject,Sensor
K Neighbors Regressor,0.1189,0.0687,0.2473,0.924,0.1358,0.1105,0.02,1,wrist
Decision Tree Regressor,0.1292,0.1292,0.3285,0.8674,0.1634,0.0928,0.016,1,wrist
Gradient Boosting Regressor,0.1703,0.0842,0.2689,0.9174,0.1498,0.1195,0.06,1,wrist
Random Forest Regressor,0.2239,0.1156,0.3218,0.8842,0.1853,0.1419,0.085,1,wrist
Extra Trees Regressor,0.2678,0.1598,0.3745,0.8336,0.2263,0.171,0.074,1,wrist
AdaBoost Regressor,0.2872,0.1457,0.3706,0.8496,0.2308,0.1604,0.044,1,wrist
Light Gradient Boosting Machine,0.353,0.2331,0.4716,0.7247,0.2698,0.2261,0.024,1,wrist
Orthogonal Matching Pursuit,0.6279,0.6424,0.7926,0.2851,0.407,0.3416,0.017,1,wrist
Bayesian Ridge,0.6281,0.6423,0.7926,0.2852,0.4071,0.3418,0.016,1,wrist
Lasso Least Angle Regression,0.6288,0.6432,0.7932,0.2841,0.4075,0.3425,0.018,1,wrist
Lasso Regression,0.6288,0.6432,0.7932,0.2841,0.4075,0.3425,0.016,1,wrist
Elastic Net,0.6324,0.6491,0.7974,0.2776,0.4098,0.3471,0.017,1,wrist
Ridge Regression,0.6468,0.6401,0.7926,0.2886,0.4196,0.3787,0.016,1,wrist
Linear Regression,0.6555,0.6545,0.7996,0.2678,0.4111,0.4111,0.849,1,wrist
Huber Regressor,0.7079,0.8593,0.9153,0.0877,0.4388,0.3396,0.019,1,wrist
Dummy Regressor,0.7817,1.0212,0.9999,-0.069,0.4984,0.2855,0.016,1,wrist
Passive Aggressive Regressor,1.286,2.5279,1.5112,-2.1016,0.684,0.8057,0.015,1,wrist
Least Angle Regression,17.0847,2467.1531,23.4279,-3335.4907,1.1333,12.0902,0.018,1,wrist
K Neighbors Regressor,0.3334,0.2513,0.4934,0.9477,0.1928,0.1158,0.017,2,wrist
Gradient Boosting Regressor,0.5591,0.6443,0.7782,0.8675,0.3093,0.1703,0.06,2,wrist
Random Forest Regressor,0.5741,0.7108,0.8215,0.8615,0.3042,0.1515,0.091,2,wrist
Decision Tree Regressor,0.5778,1.3007,1.0559,0.7218,0.4008,0.1795,0.016,2,wrist
AdaBoost Regressor,0.6823,0.8668,0.9093,0.8367,0.3254,0.1741,0.043,2,wrist
Light Gradient Boosting Machine,0.7232,1.0011,0.9933,0.7989,0.3572,0.202,0.023,2,wrist
Extra Trees Regressor,0.7507,0.9826,0.9855,0.8067,0.3694,0.1946,0.076,2,wrist
Linear Regression,1.4832,3.4909,1.8509,0.3199,0.5455,0.409,0.017,2,wrist
Ridge Regression,1.5918,4.2088,2.0199,0.2035,0.5965,0.421,0.019,2,wrist
Orthogonal Matching Pursuit,1.7473,4.6235,2.1287,0.1144,0.6394,0.4656,0.016,2,wrist
Bayesian Ridge,1.7494,4.6223,2.1284,0.115,0.6387,0.4672,0.017,2,wrist
Lasso Regression,1.7533,4.6519,2.1362,0.1082,0.6405,0.4672,0.016,2,wrist
Lasso Least Angle Regression,1.7533,4.6519,2.1362,0.1082,0.6405,0.4672,0.017,2,wrist
Elastic Net,1.7538,4.66,2.1387,0.1063,0.6409,0.4669,0.019,2,wrist
Huber Regressor,1.7733,4.9018,2.1881,0.0779,0.6472,0.4847,0.019,2,wrist
Dummy Regressor,2.0096,5.5313,2.3317,-0.0506,0.6831,0.6533,0.019,2,wrist
Passive Aggressive Regressor,2.95,13.3663,3.5322,-1.6492,0.9777,0.8271,0.017,2,wrist
Least Angle Regression,410.4943,2465588.4846,511.5264,-659516.2111,1.4651,122.2971,0.024,2,wrist
K Neighbors Regressor,0.5231,0.5157,0.7005,0.9159,0.2283,0.1486,0.016,3,wrist
Decision Tree Regressor,0.6845,1.5409,1.1636,0.7731,0.3384,0.214,0.015,3,wrist
Gradient Boosting Regressor,0.8955,1.6325,1.227,0.7575,0.3615,0.243,0.039,3,wrist
Extra Trees Regressor,0.9216,1.632,1.2387,0.7481,0.3656,0.2939,0.078,3,wrist
Random Forest Regressor,0.9504,1.7962,1.284,0.7287,0.3866,0.2823,0.084,3,wrist
AdaBoost Regressor,1.0795,2.1185,1.401,0.6722,0.3801,0.2466,0.039,3,wrist
Light Gradient Boosting Machine,1.3667,3.0742,1.7116,0.4766,0.4499,0.3272,0.021,3,wrist
Linear Regression,1.7381,4.7966,2.1507,0.1515,0.5253,0.4727,0.017,3,wrist
Ridge Regression,1.9436,5.8382,2.3657,0.0794,0.6012,0.586,0.018,3,wrist
Passive Aggressive Regressor,2.1294,7.9904,2.7448,-0.1649,0.6925,0.6838,0.017,3,wrist
Bayesian Ridge,2.1976,6.8781,2.5781,-0.0931,0.6316,0.6197,0.017,3,wrist
Huber Regressor,2.2186,8.1877,2.771,-0.2085,0.69,0.7032,0.018,3,wrist
Elastic Net,2.2791,7.0652,2.6031,-0.0959,0.631,0.6501,0.015,3,wrist
Orthogonal Matching Pursuit,2.2797,7.4639,2.678,-0.1414,0.6512,0.6625,0.022,3,wrist
Lasso Regression,2.2879,7.1087,2.6117,-0.1003,0.6328,0.6531,0.019,3,wrist
Lasso Least Angle Regression,2.2879,7.1087,2.6117,-0.1003,0.6328,0.6531,0.017,3,wrist
Dummy Regressor,2.2967,7.6898,2.7143,-0.1902,0.6658,0.6271,0.02,3,wrist
Least Angle Regression,39.9987,9838.9505,45.55,-2315.4706,1.4275,11.5121,0.017,3,wrist
K Neighbors Regressor,0.2056,0.1045,0.3089,0.9461,0.1508,0.1298,0.019,4,wrist
Random Forest Regressor,0.4299,0.47,0.6294,0.7629,0.2546,0.2017,0.082,4,wrist
AdaBoost Regressor,0.4681,0.5202,0.6525,0.7299,0.2986,0.2312,0.036,4,wrist
Decision Tree Regressor,0.4827,0.9482,0.928,0.4819,0.3892,0.26,0.022,4,wrist
Gradient Boosting Regressor,0.488,0.5702,0.7114,0.7097,0.3015,0.2337,0.046,4,wrist
Extra Trees Regressor,0.5074,0.5126,0.6795,0.7228,0.2957,0.2605,0.074,4,wrist
Light Gradient Boosting Machine,0.698,0.7818,0.8615,0.5186,0.3749,0.3863,0.022,4,wrist
Linear Regression,0.9335,1.3701,1.1463,0.3079,0.4607,0.5029,0.022,4,wrist
Ridge Regression,0.9741,1.4201,1.1708,0.2895,0.4951,0.4993,0.02,4,wrist
Bayesian Ridge,1.0365,1.6197,1.2381,0.2329,0.5085,0.5051,0.019,4,wrist
Elastic Net,1.0649,1.6705,1.2665,0.1917,0.512,0.5301,0.02,4,wrist
Lasso Regression,1.0659,1.6746,1.2681,0.189,0.5099,0.5251,0.02,4,wrist
Lasso Least Angle Regression,1.0659,1.6746,1.2681,0.189,0.5099,0.5251,0.02,4,wrist
Orthogonal Matching Pursuit,1.1144,1.8783,1.3458,0.0659,0.514,0.5198,0.026,4,wrist
Huber Regressor,1.1615,2.2271,1.453,-0.0449,0.5367,0.5107,0.023,4,wrist
Dummy Regressor,1.2284,2.3835,1.507,-0.1394,0.5659,0.5353,0.021,4,wrist
Passive Aggressive Regressor,1.2614,3.301,1.7106,-0.3962,0.6229,0.5479,0.02,4,wrist
Least Angle Regression,117.7564,83837.4259,140.4044,-68395.7806,2.4473,78.9469,0.022,4,wrist
K Neighbors Regressor,0.0617,0.0276,0.1303,0.9001,0.0802,0.0662,0.024,5,wrist
AdaBoost Regressor,0.1173,0.0609,0.2131,0.8052,0.1388,0.1001,0.039,5,wrist
Gradient Boosting Regressor,0.1366,0.0738,0.2407,0.7567,0.1563,0.1595,0.051,5,wrist
Decision Tree Regressor,0.1447,0.1447,0.3473,0.5081,0.2312,0.1512,0.025,5,wrist
Random Forest Regressor,0.1811,0.0957,0.2903,0.6854,0.1734,0.2115,0.084,5,wrist
Extra Trees Regressor,0.2362,0.1021,0.3107,0.6554,0.2024,0.2352,0.077,5,wrist
Light Gradient Boosting Machine,0.3117,0.1687,0.3983,0.4438,0.2569,0.2898,0.026,5,wrist
Ridge Regression,0.4044,0.246,0.4942,0.1629,0.313,0.3699,0.022,5,wrist
Linear Regression,0.4425,0.2916,0.5302,-0.0229,0.3276,0.4463,0.022,5,wrist
Huber Regressor,0.4462,0.254,0.501,0.1378,0.3258,0.4211,0.022,5,wrist
Orthogonal Matching Pursuit,0.4472,0.256,0.5035,0.1321,0.3273,0.4217,0.025,5,wrist
Bayesian Ridge,0.4479,0.2561,0.5035,0.1312,0.3274,0.4222,0.022,5,wrist
Elastic Net,0.4483,0.2566,0.504,0.1296,0.3277,0.4226,0.022,5,wrist
Lasso Least Angle Regression,0.4489,0.257,0.5045,0.1275,0.328,0.423,0.022,5,wrist
Lasso Regression,0.4491,0.2571,0.5046,0.1272,0.3281,0.4232,0.024,5,wrist
Passive Aggressive Regressor,0.5451,0.51,0.7044,-0.8063,0.4626,0.2157,0.023,5,wrist
Dummy Regressor,0.5555,0.3608,0.5961,-0.1769,0.3878,0.4385,0.025,5,wrist
Least Angle Regression,152.5878,459683.1948,224.5379,-1209866.3244,1.7698,168.5581,0.024,5,wrist
K Neighbors Regressor,0.904,2.0428,1.2426,0.8305,0.4543,0.1271,0.026,6,wrist
Gradient Boosting Regressor,1.2767,5.0896,1.9304,0.5898,0.4942,0.1827,0.039,6,wrist
Decision Tree Regressor,1.505,7.895,2.3668,0.3337,0.6092,0.2397,0.025,6,wrist
Random Forest Regressor,1.7469,6.2569,2.2562,0.494,0.6228,0.2199,0.083,6,wrist
AdaBoost Regressor,1.7969,8.156,2.5684,0.346,0.6929,0.217,0.04,6,wrist
Extra Trees Regressor,2.5758,10.9967,3.113,0.0745,0.8026,0.3747,0.076,6,wrist
Orthogonal Matching Pursuit,3.2126,13.066,3.5531,-0.1084,0.8583,0.5638,0.025,6,wrist
Lasso Regression,3.2652,13.4818,3.601,-0.1396,0.8664,0.5732,0.022,6,wrist
Lasso Least Angle Regression,3.2652,13.4818,3.601,-0.1396,0.8664,0.5732,0.025,6,wrist
Elastic Net,3.2671,13.5511,3.6144,-0.1473,0.8696,0.5731,0.025,6,wrist
Bayesian Ridge,3.2978,13.2856,3.5884,-0.1208,0.8747,0.5866,0.026,6,wrist
Light Gradient Boosting Machine,3.3371,13.392,3.6265,-0.145,0.8806,0.5382,0.029,6,wrist
Dummy Regressor,3.3371,13.0891,3.5891,-0.1219,0.8814,0.5521,0.028,6,wrist
Huber Regressor,3.3923,17.7597,4.1403,-0.5349,0.9897,0.6553,0.028,6,wrist
Ridge Regression,3.423,15.7244,3.9133,-0.3449,0.9247,0.5665,0.024,6,wrist
Linear Regression,3.7969,20.7242,4.4232,-0.8331,0.8962,0.6824,0.028,6,wrist
Passive Aggressive Regressor,4.6782,34.3948,5.6975,-1.9722,1.4355,0.8833,0.026,6,wrist
Least Angle Regression,9324.2723,1334817788.2049,11737.3394,-179404558.6701,3.5557,1214.6651,0.028,6,wrist
AdaBoost Regressor,0.1317,0.1302,0.2551,0.2224,0.1515,0.0401,0.036,8,wrist
K Neighbors Regressor,0.146,0.0871,0.2499,0.2634,0.1449,0.0607,0.032,8,wrist
Random Forest Regressor,0.2124,0.115,0.2973,0.0803,0.1638,0.1438,0.084,8,wrist
Dummy Regressor,0.2243,0.1817,0.3642,-0.3371,0.2104,0.0816,0.024,8,wrist
Huber Regressor,0.2306,0.1868,0.3695,-0.3673,0.2131,0.0873,0.028,8,wrist
Light Gradient Boosting Machine,0.2328,0.1174,0.2962,0.0559,0.1742,0.1428,0.027,8,wrist
Extra Trees Regressor,0.237,0.1349,0.3148,-0.0553,0.1761,0.151,0.077,8,wrist
Gradient Boosting Regressor,0.2402,0.161,0.3631,-0.1339,0.1857,0.1777,0.038,8,wrist
Lasso Regression,0.2514,0.1577,0.3605,-0.1653,0.2091,0.1318,0.028,8,wrist
Lasso Least Angle Regression,0.2514,0.1577,0.3605,-0.1653,0.2091,0.1318,0.028,8,wrist
Elastic Net,0.2622,0.1502,0.3584,-0.1034,0.2081,0.1543,0.025,8,wrist
Bayesian Ridge,0.2633,0.153,0.362,-0.1187,0.2099,0.1536,0.025,8,wrist
Ridge Regression,0.2705,0.1245,0.3274,0.0689,0.192,0.2015,0.029,8,wrist
Decision Tree Regressor,0.2733,0.2733,0.4525,-0.6317,0.2457,0.2283,0.028,8,wrist
Orthogonal Matching Pursuit,0.2759,0.1465,0.359,-0.0585,0.2085,0.1804,0.029,8,wrist
Linear Regression,0.3504,0.1732,0.4045,-0.1089,0.2255,0.3089,0.028,8,wrist
Passive Aggressive Regressor,0.5139,0.4754,0.5986,-1.6338,0.3672,0.4353,0.027,8,wrist
Least Angle Regression,2.6014,22.4869,3.0914,-114.9219,0.6733,2.5573,0.029,8,wrist
K Neighbors Regressor,0.3432,0.318,0.5309,0.951,0.2209,0.104,0.03,9,wrist
Random Forest Regressor,0.5549,1.0241,0.9317,0.8438,0.3298,0.1405,0.088,9,wrist
Gradient Boosting Regressor,0.6214,1.2164,1.015,0.8159,0.3419,0.1707,0.062,9,wrist
Decision Tree Regressor,0.6312,1.9587,1.3593,0.6865,0.4834,0.2179,0.031,9,wrist
Extra Trees Regressor,0.7812,1.3537,1.1245,0.7953,0.3873,0.1963,0.078,9,wrist
AdaBoost Regressor,0.9442,1.8886,1.3331,0.7285,0.4456,0.2079,0.044,9,wrist
Light Gradient Boosting Machine,0.9466,1.6956,1.2692,0.7559,0.4595,0.2956,0.03,9,wrist
Ridge Regression,1.9212,5.4261,2.304,0.1753,0.6837,0.6623,0.028,9,wrist
Linear Regression,1.9394,5.6962,2.3585,0.1105,0.6878,0.696,0.029,9,wrist
Bayesian Ridge,1.9607,5.5843,2.3402,0.1609,0.6954,0.6583,0.029,9,wrist
Elastic Net,2.2073,6.6992,2.571,0.0029,0.7386,0.7348,0.028,9,wrist
Lasso Regression,2.2086,6.6878,2.5692,0.0071,0.7391,0.7339,0.03,9,wrist
Lasso Least Angle Regression,2.2086,6.6878,2.5692,0.0071,0.7391,0.7339,0.028,9,wrist
Orthogonal Matching Pursuit,2.2235,6.7404,2.578,0.0218,0.7463,0.7076,0.031,9,wrist
Dummy Regressor,2.4366,7.5628,2.7401,-0.111,0.8096,0.8184,0.033,9,wrist
Huber Regressor,2.4628,8.1316,2.8388,-0.2049,0.8005,0.7418,0.031,9,wrist
Passive Aggressive Regressor,2.8427,11.8413,3.3621,-0.7162,0.9347,1.2557,0.028,9,wrist
Least Angle Regression,55.6282,20803.2525,72.0802,-2956.3882,1.9334,19.9856,0.028,9,wrist
K Neighbors Regressor,0.285,0.1398,0.3697,0.8895,0.178,0.1438,0.031,10,wrist
Gradient Boosting Regressor,0.5572,0.5191,0.7053,0.5966,0.3094,0.2681,0.061,10,wrist
Random Forest Regressor,0.7094,0.7983,0.8797,0.3875,0.3818,0.3174,0.089,10,wrist
AdaBoost Regressor,0.7393,0.8507,0.9039,0.3618,0.3901,0.3222,0.047,10,wrist
Extra Trees Regressor,0.785,0.9688,0.9728,0.2627,0.4104,0.3582,0.078,10,wrist
Decision Tree Regressor,0.7871,1.4176,1.1577,-0.125,0.455,0.3539,0.026,10,wrist
Light Gradient Boosting Machine,0.8043,1.0272,0.9879,0.2335,0.4137,0.3734,0.038,10,wrist
Ridge Regression,0.9256,1.3153,1.1278,0.0099,0.4568,0.43,0.029,10,wrist
Linear Regression,0.9475,1.4183,1.1799,-0.1266,0.4777,0.4585,0.031,10,wrist
Bayesian Ridge,0.9801,1.4025,1.1628,-0.0369,0.4756,0.4429,0.026,10,wrist
Dummy Regressor,1.0124,1.4557,1.1967,-0.1135,0.4967,0.4508,0.03,10,wrist
Orthogonal Matching Pursuit,1.0145,1.4458,1.1899,-0.0955,0.4937,0.4517,0.033,10,wrist
Lasso Regression,1.0147,1.4465,1.1902,-0.0961,0.4938,0.4517,0.034,10,wrist
Lasso Least Angle Regression,1.0147,1.4465,1.1902,-0.0961,0.4938,0.4517,0.029,10,wrist
Elastic Net,1.0149,1.449,1.1913,-0.0981,0.4937,0.4517,0.028,10,wrist
Huber Regressor,1.0205,1.4775,1.2049,-0.1283,0.5009,0.4601,0.028,10,wrist
Passive Aggressive Regressor,1.0964,1.8596,1.3447,-0.5122,0.559,0.5311,0.029,10,wrist
Least Angle Regression,14.2075,2689.46,19.2259,-2290.2248,0.9992,5.4055,0.031,10,wrist
K Neighbors Regressor,0.2912,0.2466,0.4701,0.8536,0.1822,0.0877,0.031,12,wrist
Decision Tree Regressor,0.5308,1.2654,1.0763,0.3223,0.3742,0.1419,0.032,12,wrist
Random Forest Regressor,0.5504,0.7374,0.8055,0.6371,0.2795,0.1433,0.089,12,wrist
Gradient Boosting Regressor,0.5625,0.7838,0.8332,0.5658,0.2772,0.1553,0.053,12,wrist
Light Gradient Boosting Machine,0.621,0.8255,0.8563,0.5935,0.2841,0.176,0.04,12,wrist
AdaBoost Regressor,0.6313,0.8776,0.8868,0.5341,0.2983,0.1805,0.047,12,wrist
Extra Trees Regressor,0.8561,1.3645,1.1313,0.2729,0.3626,0.2343,0.082,12,wrist
Linear Regression,1.0776,1.9032,1.347,-0.0415,0.4101,0.3056,0.033,12,wrist
Huber Regressor,1.1378,2.3155,1.4671,-0.1059,0.4458,0.3557,0.033,12,wrist
Ridge Regression,1.1699,2.2191,1.4628,-0.1665,0.439,0.3333,0.031,12,wrist
Orthogonal Matching Pursuit,1.1731,2.2523,1.4516,-0.0944,0.4365,0.3357,0.032,12,wrist
Bayesian Ridge,1.1736,2.2507,1.4511,-0.0939,0.4365,0.3359,0.034,12,wrist
Lasso Regression,1.1785,2.2658,1.4572,-0.1056,0.4378,0.3376,0.032,12,wrist
Lasso Least Angle Regression,1.1785,2.2658,1.4572,-0.1056,0.4378,0.3376,0.036,12,wrist
Elastic Net,1.1858,2.2816,1.4638,-0.1195,0.4392,0.3399,0.033,12,wrist
Dummy Regressor,1.2039,2.2119,1.4452,-0.0961,0.4352,0.3533,0.042,12,wrist
Passive Aggressive Regressor,1.3399,2.9556,1.6868,-0.6373,0.4793,0.3803,0.031,12,wrist
Least Angle Regression,46.6927,25274.5082,56.5377,-16452.5227,1.1557,13.2947,0.031,12,wrist
K Neighbors Regressor,0.8031,1.0578,1.0053,0.8416,0.3298,0.1856,0.034,13,wrist
Gradient Boosting Regressor,1.2238,2.6975,1.5713,0.586,0.4604,0.2502,0.051,13,wrist
Decision Tree Regressor,1.375,4.6278,2.0984,0.2725,0.5776,0.3297,0.04,13,wrist
Random Forest Regressor,1.4174,3.3795,1.789,0.4813,0.5389,0.2412,0.087,13,wrist
AdaBoost Regressor,1.4611,3.6123,1.8591,0.4455,0.5675,0.2298,0.047,13,wrist
Extra Trees Regressor,1.6537,4.7645,2.111,0.2854,0.6134,0.2825,0.081,13,wrist
Light Gradient Boosting Machine,1.8048,5.7548,2.3225,0.1382,0.647,0.3089,0.04,13,wrist
Linear Regression,2.0482,6.2257,2.4416,0.0237,0.6852,0.3952,0.038,13,wrist
Ridge Regression,2.056,6.5369,2.5061,0.0179,0.7059,0.3494,0.036,13,wrist
Bayesian Ridge,2.3446,8.2181,2.8227,-0.2413,0.7741,0.3726,0.038,13,wrist
Dummy Regressor,2.3661,8.0044,2.7886,-0.2104,0.766,0.394,0.034,13,wrist
Huber Regressor,2.3804,8.152,2.8086,-0.227,0.7754,0.4022,0.037,13,wrist
Orthogonal Matching Pursuit,2.3976,8.2468,2.8269,-0.2454,0.7722,0.3978,0.035,13,wrist
Lasso Regression,2.3986,8.2487,2.8275,-0.2459,0.7724,0.398,0.043,13,wrist
Lasso Least Angle Regression,2.3986,8.2487,2.8275,-0.2459,0.7724,0.398,0.035,13,wrist
Elastic Net,2.4061,8.2775,2.8333,-0.2512,0.7733,0.3999,0.039,13,wrist
Passive Aggressive Regressor,3.2738,16.6856,3.947,-1.8313,1.1653,0.7096,0.034,13,wrist
Least Angle Regression,135.9829,141098.0913,169.163,-23579.3336,2.3796,24.2334,0.036,13,wrist
K Neighbors Regressor,0.309,0.2065,0.4319,0.957,0.1598,0.1373,0.044,15,wrist
Decision Tree Regressor,0.4862,1.1529,0.9652,0.7219,0.2992,0.2282,0.045,15,wrist
Gradient Boosting Regressor,0.5636,0.7058,0.7934,0.8437,0.2753,0.2638,0.066,15,wrist
Random Forest Regressor,0.6859,0.7829,0.8675,0.8364,0.2887,0.2986,0.093,15,wrist
Light Gradient Boosting Machine,0.8016,1.2123,1.0545,0.7473,0.3223,0.3651,0.041,15,wrist
AdaBoost Regressor,1.0766,1.5965,1.2533,0.6637,0.421,0.4752,0.056,15,wrist
Extra Trees Regressor,1.1116,1.9041,1.3575,0.6048,0.4382,0.4667,0.083,15,wrist
Linear Regression,1.6266,3.904,1.945,0.2266,0.5779,0.6952,0.044,15,wrist
Ridge Regression,1.8203,4.5131,2.1084,0.0931,0.6297,0.7242,0.036,15,wrist
Elastic Net,1.9397,4.8927,2.1972,0.0248,0.6783,0.7272,0.042,15,wrist
Lasso Regression,1.9557,5.0151,2.2241,0.002,0.6886,0.7243,0.039,15,wrist
Lasso Least Angle Regression,1.9557,5.0151,2.2241,0.002,0.6886,0.7243,0.036,15,wrist
Bayesian Ridge,1.9588,4.9866,2.2184,0.0041,0.6807,0.7458,0.038,15,wrist
Huber Regressor,1.9963,5.6021,2.3503,-0.114,0.7017,0.6318,0.035,15,wrist
Dummy Regressor,2.0301,5.2789,2.2834,-0.0536,0.7223,0.7181,0.045,15,wrist
Orthogonal Matching Pursuit,2.0399,5.311,2.2905,-0.0607,0.7191,0.7371,0.035,15,wrist
Passive Aggressive Regressor,2.408,10.006,3.088,-0.9782,0.869,0.7209,0.037,15,wrist
Least Angle Regression,48.2017,17823.1233,62.9477,-3374.4102,1.829,16.5416,0.038,15,wrist
K Neighbors Regressor,0.6657,0.7303,0.8165,0.8786,0.2854,0.2011,0.038,16,wrist
Gradient Boosting Regressor,1.6527,4.2363,1.9682,0.333,0.5807,0.4378,0.053,16,wrist
AdaBoost Regressor,1.8949,5.2184,2.1825,0.299,0.6404,0.4769,0.054,16,wrist
Random Forest Regressor,2.0413,6.4496,2.4189,0.1712,0.7032,0.5148,0.087,16,wrist
Extra Trees Regressor,2.1617,7.2939,2.5563,0.079,0.7252,0.5523,0.081,16,wrist
Dummy Regressor,2.5096,8.5393,2.8342,-0.12,0.7829,0.7116,0.039,16,wrist
Huber Regressor,2.5182,8.8152,2.8696,-0.1498,0.783,0.7129,0.038,16,wrist
Bayesian Ridge,2.5748,8.7593,2.8753,-0.1736,0.79,0.7154,0.039,16,wrist
Orthogonal Matching Pursuit,2.5764,8.774,2.8774,-0.1763,0.7904,0.717,0.039,16,wrist
Lasso Regression,2.634,9.2082,2.9657,-0.2761,0.8037,0.7464,0.04,16,wrist
Lasso Least Angle Regression,2.634,9.2082,2.9657,-0.2761,0.8037,0.7464,0.038,16,wrist
Elastic Net,2.6466,9.3436,2.9888,-0.3062,0.8062,0.7522,0.038,16,wrist
Light Gradient Boosting Machine,2.6509,9.7488,3.0244,-0.3278,0.8332,0.7081,0.044,16,wrist
Ridge Regression,2.6604,9.6788,3.0422,-0.3727,0.822,0.73,0.043,16,wrist
Linear Regression,2.8865,16.0613,3.631,-1.8082,0.8309,0.8558,0.042,16,wrist
Decision Tree Regressor,3.0167,16.4119,3.9165,-1.6896,1.0293,0.735,0.04,16,wrist
Passive Aggressive Regressor,3.7346,19.4225,4.3073,-2.6114,1.052,1.3371,0.036,16,wrist
Least Angle Regression,297.6215,2833649.4626,549.8791,-687272.9423,1.9712,120.9337,0.039,16,wrist
K Neighbors Regressor,0.2215,0.1096,0.3203,0.9514,0.1341,0.094,0.041,17,wrist
Gradient Boosting Regressor,0.5457,0.5778,0.7421,0.7515,0.318,0.2162,0.058,17,wrist
AdaBoost Regressor,0.6271,0.79,0.8639,0.661,0.3362,0.2284,0.054,17,wrist
Random Forest Regressor,0.6536,0.9293,0.922,0.619,0.3479,0.2185,0.096,17,wrist
Light Gradient Boosting Machine,0.703,0.7778,0.8715,0.6686,0.3497,0.2787,0.042,17,wrist
Decision Tree Regressor,0.7348,1.5591,1.1838,0.3402,0.4469,0.2789,0.041,17,wrist
Extra Trees Regressor,0.849,1.2729,1.1032,0.4377,0.4218,0.2922,0.089,17,wrist
Ridge Regression,0.9627,1.6137,1.2467,0.3074,0.464,0.3555,0.047,17,wrist
Linear Regression,0.9645,1.609,1.2441,0.2866,0.4605,0.3652,0.044,17,wrist
Bayesian Ridge,0.9691,1.6413,1.26,0.3026,0.468,0.3522,0.038,17,wrist
Orthogonal Matching Pursuit,1.2654,2.5745,1.5908,-0.0918,0.5735,0.4306,0.04,17,wrist
Lasso Regression,1.2694,2.5889,1.5956,-0.0988,0.5747,0.4323,0.042,17,wrist
Lasso Least Angle Regression,1.2694,2.5889,1.5956,-0.0988,0.5747,0.4323,0.044,17,wrist
Elastic Net,1.2741,2.6094,1.6023,-0.1094,0.5752,0.4341,0.047,17,wrist
Huber Regressor,1.299,2.6134,1.6018,-0.0984,0.5717,0.4482,0.037,17,wrist
Dummy Regressor,1.3255,2.6627,1.6152,-0.1055,0.5765,0.4895,0.038,17,wrist
Passive Aggressive Regressor,1.7706,4.9061,2.1237,-1.1422,0.7658,0.7156,0.045,17,wrist
Least Angle Regression,32.0291,5370.8993,41.0029,-2528.2354,1.7203,14.323,0.04,17,wrist
Extra Trees Regressor,0.5271,0.4501,0.6671,0.4527,0.3554,0.3273,0.086,1,trunk
Random Forest Regressor,0.5461,0.466,0.6781,0.4353,0.3624,0.3206,0.097,1,trunk
Gradient Boosting Regressor,0.5604,0.5188,0.7137,0.3625,0.3821,0.3425,0.071,1,trunk
Light Gradient Boosting Machine,0.5636,0.521,0.7138,0.3655,0.3793,0.3528,0.044,1,trunk
Decision Tree Regressor,0.57,0.75,0.8522,0.1143,0.4601,0.3953,0.039,1,trunk
AdaBoost Regressor,0.5795,0.4723,0.6811,0.4386,0.3677,0.3651,0.052,1,trunk
Bayesian Ridge,0.6188,0.5754,0.7494,0.3258,0.3932,0.3673,0.043,1,trunk
Huber Regressor,0.6288,0.588,0.7575,0.2985,0.3997,0.3822,0.04,1,trunk
Linear Regression,0.635,0.5979,0.7586,0.3087,0.3952,0.4091,0.046,1,trunk
Ridge Regression,0.6609,0.6887,0.8246,0.1849,0.4137,0.3372,0.041,1,trunk
K Neighbors Regressor,0.7052,0.7994,0.8856,0.0412,0.4416,0.395,0.038,1,trunk
Lasso Regression,0.7319,0.9219,0.9561,-0.0621,0.4759,0.273,0.041,1,trunk
Elastic Net,0.7319,0.9219,0.9561,-0.0621,0.4759,0.273,0.042,1,trunk
Lasso Least Angle Regression,0.7319,0.9219,0.9561,-0.0621,0.4759,0.273,0.041,1,trunk
Dummy Regressor,0.7319,0.9219,0.9561,-0.0621,0.4759,0.273,0.042,1,trunk
Orthogonal Matching Pursuit,0.7373,0.9272,0.9578,-0.0651,0.4757,0.2834,0.042,1,trunk
Passive Aggressive Regressor,0.8719,1.2245,1.0835,-0.4211,0.5118,0.5891,0.051,1,trunk
Least Angle Regression,72567.0333,78594676996.6628,101019.5886,-101182870781.5743,5.5184,31647.8413,0.041,1,trunk
Extra Trees Regressor,1.2295,2.5969,1.5771,0.4669,0.4848,0.3487,0.077,2,trunk
Gradient Boosting Regressor,1.3037,2.798,1.6527,0.412,0.5139,0.3871,0.071,2,trunk
Random Forest Regressor,1.3242,2.971,1.6943,0.3901,0.5143,0.3686,0.102,2,trunk
AdaBoost Regressor,1.3685,3.0551,1.7385,0.3283,0.5351,0.4055,0.069,2,trunk
Light Gradient Boosting Machine,1.3892,3.2726,1.7926,0.2977,0.5354,0.3913,0.052,2,trunk
Linear Regression,1.5664,3.9379,1.9658,0.1177,0.6001,0.4675,0.045,2,trunk
Decision Tree Regressor,1.7065,6.0464,2.3813,-0.231,0.6862,0.55,0.047,2,trunk
Ridge Regression,1.746,4.7649,2.158,0.0101,0.6236,0.5145,0.052,2,trunk
K Neighbors Regressor,1.7557,5.2873,2.2701,-0.1293,0.6513,0.5151,0.042,2,trunk
Huber Regressor,1.7615,4.8627,2.1787,-0.0356,0.6204,0.5083,0.045,2,trunk
Bayesian Ridge,1.7696,4.8663,2.1816,-0.0143,0.629,0.5245,0.041,2,trunk
Orthogonal Matching Pursuit,1.882,5.1223,2.2419,-0.0795,0.6458,0.6326,0.047,2,trunk
Lasso Regression,1.9992,5.4231,2.3098,-0.1324,0.6715,0.71,0.04,2,trunk
Elastic Net,1.9992,5.4231,2.3098,-0.1324,0.6715,0.71,0.042,2,trunk
Lasso Least Angle Regression,1.9992,5.4231,2.3098,-0.1324,0.6715,0.71,0.045,2,trunk
Dummy Regressor,1.9992,5.4231,2.3098,-0.1324,0.6715,0.71,0.053,2,trunk
Passive Aggressive Regressor,3.1315,14.363,3.6351,-2.2083,0.9401,1.2394,0.054,2,trunk
Least Angle Regression,175.1436,207838.3157,240.8294,-65748.6555,2.345,88.5163,0.046,2,trunk
Gradient Boosting Regressor,1.7099,5.0412,2.1739,0.3226,0.5663,0.4974,0.068,3,trunk
Random Forest Regressor,1.7301,4.5296,2.0674,0.3571,0.5578,0.5165,0.089,3,trunk
AdaBoost Regressor,1.7374,4.8625,2.1387,0.3191,0.5791,0.5184,0.067,3,trunk
Extra Trees Regressor,1.7655,4.9143,2.1581,0.3287,0.5614,0.5298,0.079,3,trunk
Light Gradient Boosting Machine,1.9368,5.7376,2.3386,0.2084,0.6078,0.5634,0.049,3,trunk
Linear Regression,2.0107,6.4506,2.4336,0.178,0.5979,0.6459,0.045,3,trunk
Huber Regressor,2.0245,6.6061,2.502,0.1368,0.6341,0.6746,0.049,3,trunk
Decision Tree Regressor,2.1445,8.6045,2.8668,-0.4027,0.7698,0.6252,0.047,3,trunk
Ridge Regression,2.2571,7.3807,2.6478,0.0108,0.6907,0.6141,0.045,3,trunk
Bayesian Ridge,2.3182,7.6613,2.7081,-0.0308,0.6991,0.6328,0.058,3,trunk
K Neighbors Regressor,2.3227,7.4574,2.6755,-0.0456,0.6913,0.662,0.05,3,trunk
Orthogonal Matching Pursuit,2.3368,7.7548,2.7235,-0.0491,0.6975,0.641,0.049,3,trunk
Elastic Net,2.3575,7.8184,2.7395,-0.0444,0.7039,0.6497,0.049,3,trunk
Dummy Regressor,2.3899,7.9422,2.7617,-0.048,0.7092,0.657,0.054,3,trunk
Lasso Regression,2.3981,7.9872,2.7721,-0.0631,0.7105,0.6609,0.046,3,trunk
Lasso Least Angle Regression,2.3981,7.9872,2.7721,-0.0631,0.7105,0.6609,0.054,3,trunk
Passive Aggressive Regressor,3.3004,16.9578,3.9145,-1.7075,0.8883,0.8542,0.05,3,trunk
Least Angle Regression,116182898.3684,3.6366347671781434e+17,190723991.5653,-6.607099617773976e+16,4.6817,50339029.3234,0.057,3,trunk
Extra Trees Regressor,0.6975,0.9228,0.9431,0.4154,0.3859,0.33,0.078,4,trunk
Gradient Boosting Regressor,0.7451,1.1137,1.0385,0.3241,0.3987,0.3703,0.072,4,trunk
Random Forest Regressor,0.7627,1.1055,1.0317,0.3197,0.4144,0.3436,0.087,4,trunk
Linear Regression,0.7884,1.091,1.0301,0.3128,0.4278,0.425,0.048,4,trunk
AdaBoost Regressor,0.8236,1.2202,1.072,0.3052,0.4391,0.3907,0.073,4,trunk
Huber Regressor,0.845,1.2284,1.0973,0.2089,0.4477,0.4331,0.048,4,trunk
Bayesian Ridge,0.8648,1.1948,1.0846,0.221,0.4556,0.4405,0.051,4,trunk
Light Gradient Boosting Machine,0.9037,1.3934,1.1484,0.1074,0.4736,0.4407,0.054,4,trunk
Decision Tree Regressor,0.9127,1.9636,1.3492,-0.3253,0.5215,0.5159,0.05,4,trunk
Ridge Regression,0.9525,1.4215,1.1826,0.1216,0.4928,0.4468,0.056,4,trunk
Orthogonal Matching Pursuit,1.0166,1.8101,1.3242,-0.026,0.5369,0.382,0.055,4,trunk
K Neighbors Regressor,1.038,1.7929,1.3279,-0.0787,0.5259,0.4434,0.055,4,trunk
Elastic Net,1.0478,1.8497,1.3378,-0.0381,0.5352,0.4212,0.055,4,trunk
Passive Aggressive Regressor,1.0784,1.838,1.338,-0.0941,0.5506,0.5034,0.058,4,trunk
Lasso Regression,1.0844,1.9593,1.3757,-0.0936,0.5423,0.4607,0.046,4,trunk
Lasso Least Angle Regression,1.0844,1.9593,1.3757,-0.0936,0.5423,0.4607,0.057,4,trunk
Dummy Regressor,1.0922,1.9792,1.3831,-0.1057,0.544,0.4708,0.048,4,trunk
Least Angle Regression,30.6675,3300.4805,37.3017,-1777.002,2.1202,19.108,0.058,4,trunk
Random Forest Regressor,0.3829,0.215,0.4577,0.3326,0.3068,0.3873,0.09,5,trunk
Extra Trees Regressor,0.3843,0.216,0.4611,0.3071,0.3071,0.3985,0.081,5,trunk
Gradient Boosting Regressor,0.3927,0.2467,0.4909,0.2331,0.3274,0.3903,0.07,5,trunk
Decision Tree Regressor,0.3962,0.3962,0.5803,-0.1614,0.3803,0.5123,0.052,5,trunk
AdaBoost Regressor,0.4167,0.2322,0.4776,0.2699,0.3242,0.3556,0.066,5,trunk
Light Gradient Boosting Machine,0.4268,0.2724,0.5158,0.1682,0.3355,0.4201,0.052,5,trunk
Ridge Regression,0.4383,0.2628,0.5058,0.2057,0.3275,0.4225,0.05,5,trunk
Bayesian Ridge,0.4394,0.2652,0.5081,0.1985,0.3286,0.4238,0.06,5,trunk
Huber Regressor,0.4429,0.2883,0.5308,0.1118,0.3386,0.4612,0.06,5,trunk
Linear Regression,0.4501,0.3006,0.542,0.0524,0.3349,0.4285,0.049,5,trunk
K Neighbors Regressor,0.4721,0.3156,0.554,-0.0011,0.3558,0.5143,0.057,5,trunk
Passive Aggressive Regressor,0.5362,0.4333,0.6295,-0.222,0.4206,0.2689,0.064,5,trunk
Orthogonal Matching Pursuit,0.5528,0.3603,0.5898,-0.022,0.3846,0.465,0.063,5,trunk
Lasso Regression,0.5676,0.3784,0.6046,-0.0579,0.3919,0.4829,0.056,5,trunk
Elastic Net,0.5676,0.3784,0.6046,-0.0579,0.3919,0.4829,0.054,5,trunk
Lasso Least Angle Regression,0.5676,0.3784,0.6046,-0.0579,0.3919,0.4829,0.051,5,trunk
Dummy Regressor,0.5676,0.3784,0.6046,-0.0579,0.3919,0.4829,0.053,5,trunk
Least Angle Regression,583.9139,4638357.1316,682.4011,-20044326.0402,1.3363,487.2625,0.061,5,trunk
Random Forest Regressor,2.5652,9.8157,3.0548,-0.322,0.7446,0.3195,0.088,6,trunk
AdaBoost Regressor,2.5807,11.3967,3.1759,-0.4692,0.7981,0.3773,0.071,6,trunk
Extra Trees Regressor,2.6859,10.4778,3.1418,-0.4698,0.7815,0.3635,0.081,6,trunk
Gradient Boosting Regressor,2.8423,13.0189,3.454,-0.6484,0.8813,0.418,0.06,6,trunk
Orthogonal Matching Pursuit,2.9814,11.4992,3.322,-0.4976,0.8037,0.4426,0.055,6,trunk
Ridge Regression,3.0557,11.6472,3.3514,-0.5382,0.8089,0.4681,0.053,6,trunk
Elastic Net,3.0669,11.7154,3.3641,-0.496,0.8109,0.4552,0.06,6,trunk
Bayesian Ridge,3.0868,11.869,3.3905,-0.5192,0.8144,0.4593,0.053,6,trunk
Lasso Regression,3.1207,11.9813,3.4057,-0.5153,0.8171,0.4635,0.059,6,trunk
Lasso Least Angle Regression,3.1207,11.9813,3.4057,-0.5153,0.8171,0.4635,0.053,6,trunk
K Neighbors Regressor,3.132,12.3536,3.4133,-0.6372,0.8155,0.4984,0.061,6,trunk
Light Gradient Boosting Machine,3.2272,12.6929,3.5018,-0.5476,0.8331,0.4792,0.053,6,trunk
Dummy Regressor,3.2272,12.6929,3.5018,-0.5476,0.8331,0.4792,0.055,6,trunk
Huber Regressor,3.3765,15.4574,3.8225,-1.0926,0.8654,0.4816,0.054,6,trunk
Decision Tree Regressor,3.455,21.115,4.36,-1.882,1.2509,0.532,0.055,6,trunk
Linear Regression,3.4593,20.3881,4.2873,-1.7631,0.863,0.5059,0.053,6,trunk
Passive Aggressive Regressor,3.7135,18.7212,4.1776,-1.7934,0.9966,0.6545,0.059,6,trunk
Least Angle Regression,82610.379,63197675185.3683,94246.4455,-6215365730.0651,3.9039,13719.3025,0.052,6,trunk
AdaBoost Regressor,0.1726,0.1614,0.347,0.0335,0.2098,0.0364,0.067,8,trunk
Decision Tree Regressor,0.1967,0.23,0.3594,-0.44,0.2092,0.095,0.057,8,trunk
Huber Regressor,0.2007,0.1999,0.4207,-0.2144,0.2598,0.0292,0.065,8,trunk
Extra Trees Regressor,0.2392,0.1256,0.3438,0.1834,0.2113,0.1521,0.084,8,trunk
Gradient Boosting Regressor,0.252,0.1743,0.3896,-0.14,0.2313,0.1546,0.064,8,trunk
Random Forest Regressor,0.2594,0.1623,0.3865,-0.0347,0.2384,0.1464,0.094,8,trunk
Lasso Least Angle Regression,0.2691,0.198,0.427,-0.2025,0.2621,0.1176,0.063,8,trunk
Dummy Regressor,0.2691,0.198,0.427,-0.2025,0.2621,0.1176,0.057,8,trunk
Lasso Regression,0.2691,0.198,0.427,-0.2025,0.2621,0.1176,0.056,8,trunk
Elastic Net,0.271,0.1989,0.4279,-0.207,0.2625,0.1198,0.059,8,trunk
Bayesian Ridge,0.2771,0.2018,0.4309,-0.2231,0.2639,0.1266,0.064,8,trunk
Ridge Regression,0.2844,0.2092,0.4397,-0.2636,0.2695,0.1351,0.053,8,trunk
Orthogonal Matching Pursuit,0.2867,0.2085,0.4381,-0.2605,0.2673,0.1377,0.055,8,trunk
K Neighbors Regressor,0.3147,0.2299,0.4575,-0.4096,0.2767,0.172,0.058,8,trunk
Light Gradient Boosting Machine,0.3217,0.2107,0.4465,-0.268,0.274,0.1795,0.054,8,trunk
Linear Regression,0.3733,0.2503,0.4704,-0.4542,0.2571,0.3207,0.054,8,trunk
Passive Aggressive Regressor,0.5063,0.5939,0.6318,-2.0261,0.3441,0.4081,0.059,8,trunk
Least Angle Regression,2.3659,12.2911,2.8963,-73.1252,0.7324,2.1701,0.058,8,trunk
Extra Trees Regressor,1.7591,4.7412,2.1653,0.3154,0.6541,0.7161,0.093,9,trunk
Gradient Boosting Regressor,1.7687,5.1628,2.2416,0.2406,0.6615,0.7741,0.082,9,trunk
AdaBoost Regressor,1.8025,4.8935,2.1889,0.3041,0.6801,0.7514,0.075,9,trunk
Light Gradient Boosting Machine,1.8154,5.2673,2.2692,0.2707,0.6548,0.7911,0.061,9,trunk
Random Forest Regressor,1.8346,5.0704,2.2226,0.2549,0.6725,0.7418,0.097,9,trunk
Linear Regression,1.976,6.3749,2.5009,0.1424,0.7226,0.6932,0.058,9,trunk
Decision Tree Regressor,2.1417,9.1142,2.9694,-0.2641,0.8272,0.9412,0.057,9,trunk
Huber Regressor,2.2919,7.9678,2.8,-0.0847,0.7891,0.8024,0.061,9,trunk
K Neighbors Regressor,2.3264,7.8472,2.769,-0.1155,0.7899,0.8806,0.059,9,trunk
Ridge Regression,2.4012,7.8399,2.7819,-0.0766,0.8206,0.7984,0.057,9,trunk
Orthogonal Matching Pursuit,2.4149,7.8438,2.7803,-0.0707,0.8225,0.8009,0.063,9,trunk
Bayesian Ridge,2.4307,7.8598,2.7833,-0.0707,0.824,0.8064,0.061,9,trunk
Elastic Net,2.445,7.854,2.7823,-0.0666,0.8249,0.8111,0.058,9,trunk
Lasso Regression,2.4698,7.9135,2.7926,-0.0713,0.8278,0.8197,0.063,9,trunk
Lasso Least Angle Regression,2.4698,7.9135,2.7926,-0.0713,0.8278,0.8197,0.06,9,trunk
Dummy Regressor,2.57,8.2882,2.857,-0.1142,0.8389,0.8593,0.061,9,trunk
Passive Aggressive Regressor,2.7737,12.468,3.4189,-0.6691,0.9547,1.1617,0.062,9,trunk
Least Angle Regression,3.543,31.5231,4.5114,-4.657,0.9312,1.5204,0.054,9,trunk
Extra Trees Regressor,0.9876,1.382,1.1661,-0.0306,0.4859,0.4477,0.092,10,trunk
AdaBoost Regressor,1.0236,1.4615,1.198,-0.0663,0.5008,0.4771,0.068,10,trunk
Random Forest Regressor,1.0253,1.4336,1.1906,-0.0582,0.4997,0.4657,0.103,10,trunk
Light Gradient Boosting Machine,1.0314,1.5106,1.2176,-0.0838,0.5019,0.5021,0.065,10,trunk
Gradient Boosting Regressor,1.0324,1.5683,1.2359,-0.1586,0.5181,0.4727,0.082,10,trunk
Lasso Least Angle Regression,1.0435,1.5693,1.2369,-0.0939,0.5276,0.4218,0.061,10,trunk
Dummy Regressor,1.0435,1.5693,1.2369,-0.0939,0.5276,0.4218,0.065,10,trunk
Lasso Regression,1.0435,1.5693,1.2369,-0.0939,0.5276,0.4218,0.063,10,trunk
Bayesian Ridge,1.044,1.5778,1.2394,-0.0968,0.5285,0.4204,0.059,10,trunk
Elastic Net,1.0448,1.5787,1.2399,-0.098,0.5287,0.4211,0.064,10,trunk
Orthogonal Matching Pursuit,1.0453,1.5748,1.2373,-0.0923,0.5267,0.4204,0.058,10,trunk
Ridge Regression,1.0671,1.6228,1.2575,-0.1299,0.5325,0.436,0.061,10,trunk
Decision Tree Regressor,1.1143,2.1381,1.4217,-0.5875,0.5951,0.5828,0.063,10,trunk
Linear Regression,1.1145,1.7571,1.3042,-0.2306,0.5302,0.482,0.067,10,trunk
Huber Regressor,1.1254,1.7559,1.307,-0.2218,0.5472,0.4732,0.069,10,trunk
K Neighbors Regressor,1.1658,1.9206,1.3772,-0.4169,0.5699,0.4829,0.06,10,trunk
Passive Aggressive Regressor,1.4786,3.1779,1.7537,-1.4534,0.6442,0.7391,0.063,10,trunk
Least Angle Regression,2.2011,11.2068,2.9566,-6.3853,0.729,1.0582,0.073,10,trunk
Extra Trees Regressor,1.1855,2.2394,1.4809,-0.0077,0.4753,0.3028,0.103,12,trunk
AdaBoost Regressor,1.207,2.4166,1.525,-0.0357,0.4919,0.3077,0.083,12,trunk
Linear Regression,1.2151,2.4048,1.5299,-0.0724,0.4889,0.286,0.063,12,trunk
Light Gradient Boosting Machine,1.2451,2.5371,1.5713,-0.1293,0.5085,0.3149,0.065,12,trunk
Random Forest Regressor,1.2673,2.5567,1.5744,-0.1249,0.4992,0.3244,0.1,12,trunk
Huber Regressor,1.2816,2.9186,1.6691,-0.2131,0.5371,0.3583,0.066,12,trunk
Orthogonal Matching Pursuit,1.2839,2.5818,1.5645,-0.0523,0.5086,0.3277,0.062,12,trunk
Ridge Regression,1.2864,2.6186,1.5782,-0.0736,0.5117,0.3311,0.06,12,trunk
Bayesian Ridge,1.3041,2.6042,1.5744,-0.0682,0.5105,0.3371,0.06,12,trunk
Decision Tree Regressor,1.3071,3.5096,1.8365,-0.5662,0.5942,0.3422,0.061,12,trunk
Gradient Boosting Regressor,1.308,2.8732,1.664,-0.288,0.5287,0.3528,0.084,12,trunk
Elastic Net,1.3246,2.6326,1.5847,-0.0854,0.512,0.3491,0.062,12,trunk
Lasso Regression,1.3259,2.6293,1.5838,-0.0843,0.5117,0.3501,0.061,12,trunk
Lasso Least Angle Regression,1.3259,2.6293,1.5838,-0.0843,0.5117,0.3501,0.061,12,trunk
Dummy Regressor,1.3259,2.6293,1.5838,-0.0843,0.5117,0.3501,0.06,12,trunk
K Neighbors Regressor,1.4292,3.1615,1.7502,-0.3625,0.5446,0.3901,0.063,12,trunk
Passive Aggressive Regressor,2.166,6.278,2.4925,-2.0303,0.7201,0.5238,0.06,12,trunk
Least Angle Regression,294.0916,691612.463,394.232,-315007.2414,1.9647,82.881,0.064,12,trunk
Extra Trees Regressor,2.2235,7.4048,2.7034,-0.504,0.749,0.3598,0.093,13,trunk
Linear Regression,2.2525,7.3937,2.6778,-0.5776,0.7303,0.4062,0.061,13,trunk
AdaBoost Regressor,2.2689,7.4268,2.715,-0.434,0.744,0.375,0.075,13,trunk
Lasso Least Angle Regression,2.289,7.6843,2.7562,-0.4806,0.7449,0.366,0.077,13,trunk
Dummy Regressor,2.289,7.6843,2.7562,-0.4806,0.7449,0.366,0.064,13,trunk
Lasso Regression,2.289,7.6843,2.7562,-0.4806,0.7449,0.366,0.075,13,trunk
Bayesian Ridge,2.2922,7.7218,2.7636,-0.4874,0.7466,0.3655,0.077,13,trunk
Light Gradient Boosting Machine,2.2939,8.267,2.8154,-0.6549,0.7528,0.3858,0.064,13,trunk
Elastic Net,2.2978,7.7672,2.7723,-0.4954,0.7486,0.3659,0.065,13,trunk
Random Forest Regressor,2.2992,7.5944,2.7496,-0.5139,0.7561,0.3748,0.103,13,trunk
Ridge Regression,2.3028,7.6624,2.7543,-0.435,0.7469,0.3632,0.064,13,trunk
Orthogonal Matching Pursuit,2.3278,7.9952,2.8133,-0.5234,0.7551,0.37,0.077,13,trunk
K Neighbors Regressor,2.3353,8.7828,2.9317,-0.8532,0.7917,0.3964,0.061,13,trunk
Huber Regressor,2.4517,8.576,2.9117,-0.671,0.7866,0.4116,0.072,13,trunk
Gradient Boosting Regressor,2.4923,9.1439,2.9859,-0.6225,0.8155,0.415,0.081,13,trunk
Decision Tree Regressor,2.7347,11.0986,3.3174,-1.1104,0.932,0.5,0.065,13,trunk
Passive Aggressive Regressor,3.8922,25.9519,4.4492,-3.4869,0.9404,0.7711,0.075,13,trunk
Least Angle Regression,4.6138,74.5616,6.4931,-15.2952,0.8861,1.0322,0.063,13,trunk
Gradient Boosting Regressor,1.4671,3.6597,1.872,0.2804,0.5701,0.5892,0.092,15,trunk
Extra Trees Regressor,1.5577,3.7944,1.9178,0.2401,0.605,0.5831,0.1,15,trunk
Random Forest Regressor,1.5816,3.7214,1.8932,0.2646,0.6004,0.578,0.111,15,trunk
Light Gradient Boosting Machine,1.6267,4.0798,1.9629,0.1949,0.6223,0.6385,0.076,15,trunk
AdaBoost Regressor,1.6803,4.1746,2.0129,0.1654,0.6371,0.5726,0.095,15,trunk
Linear Regression,1.7263,4.3344,2.0647,0.1329,0.6338,0.6862,0.065,15,trunk
Bayesian Ridge,1.8126,4.4645,2.0888,0.1241,0.6579,0.6536,0.08,15,trunk
Huber Regressor,1.82,4.7652,2.1536,0.0567,0.6466,0.7022,0.072,15,trunk
Ridge Regression,1.8494,4.6125,2.1274,0.0924,0.6746,0.6249,0.074,15,trunk
Decision Tree Regressor,1.9588,7.0446,2.593,-0.4466,0.7973,0.8614,0.065,15,trunk
Orthogonal Matching Pursuit,2.029,5.3332,2.2969,-0.0539,0.7342,0.6549,0.066,15,trunk
Elastic Net,2.0542,5.3886,2.3112,-0.0667,0.7401,0.6664,0.067,15,trunk
Lasso Regression,2.0715,5.4532,2.3263,-0.0814,0.7446,0.6726,0.065,15,trunk
Lasso Least Angle Regression,2.0715,5.4532,2.3263,-0.0814,0.7446,0.6726,0.068,15,trunk
Dummy Regressor,2.0715,5.4532,2.3263,-0.0814,0.7446,0.6726,0.069,15,trunk
K Neighbors Regressor,2.1721,6.5528,2.5495,-0.3195,0.7841,0.7189,0.065,15,trunk
Passive Aggressive Regressor,3.7192,20.1346,4.3423,-3.2877,0.9046,1.4533,0.072,15,trunk
Least Angle Regression,756945.9346,9481450692284.955,973782.7443,-1667068264490.1125,3.2563,262556.7511,0.067,15,trunk
Extra Trees Regressor,2.0964,6.471,2.446,-0.0288,0.721,0.5538,0.1,16,trunk
Huber Regressor,2.2604,8.2786,2.7333,-0.4195,0.7579,0.7,0.075,16,trunk
AdaBoost Regressor,2.286,7.8699,2.6937,-0.2941,0.7887,0.6144,0.083,16,trunk
Gradient Boosting Regressor,2.3389,8.1444,2.7585,-0.3435,0.7838,0.6845,0.08,16,trunk
Random Forest Regressor,2.3452,8.3272,2.7959,-0.3523,0.8135,0.6036,0.104,16,trunk
Linear Regression,2.3774,9.2752,2.9746,-0.6237,0.8166,0.7202,0.074,16,trunk
Orthogonal Matching Pursuit,2.3972,8.3535,2.8127,-0.3,0.8194,0.6239,0.07,16,trunk
Light Gradient Boosting Machine,2.411,8.1111,2.7811,-0.3118,0.8117,0.6102,0.071,16,trunk
Elastic Net,2.4202,8.3983,2.8285,-0.3238,0.8259,0.6279,0.066,16,trunk
Ridge Regression,2.4416,8.3365,2.8052,-0.3394,0.8183,0.6264,0.069,16,trunk
Dummy Regressor,2.4467,8.4906,2.8509,-0.3538,0.83,0.6325,0.07,16,trunk
Lasso Regression,2.4517,8.529,2.8568,-0.3583,0.8317,0.6347,0.082,16,trunk
Lasso Least Angle Regression,2.4517,8.529,2.8568,-0.3583,0.8317,0.6347,0.069,16,trunk
Passive Aggressive Regressor,2.5283,9.9522,2.955,-0.5325,0.8149,0.6318,0.069,16,trunk
Bayesian Ridge,2.542,8.9379,2.9268,-0.4326,0.845,0.6424,0.069,16,trunk
K Neighbors Regressor,2.5571,9.5865,3.0033,-0.5005,0.8503,0.6012,0.079,16,trunk
Decision Tree Regressor,3.0833,15.2262,3.8111,-1.6562,1.1575,0.8685,0.068,16,trunk
Least Angle Regression,1358.14,18314079.5354,1618.5424,-2464121.3844,3.2742,377.9957,0.067,16,trunk
Extra Trees Regressor,1.1716,2.313,1.4906,0.0998,0.5179,0.4695,0.102,17,trunk
Random Forest Regressor,1.1979,2.3994,1.531,0.0679,0.5302,0.469,0.112,17,trunk
AdaBoost Regressor,1.2428,2.5851,1.5849,-0.0131,0.5467,0.4755,0.084,17,trunk
Huber Regressor,1.3308,2.8414,1.6772,-0.1064,0.5883,0.4949,0.072,17,trunk
Ridge Regression,1.3351,2.7073,1.6396,-0.0343,0.5751,0.5017,0.071,17,trunk
Linear Regression,1.3695,2.8287,1.661,-0.0976,0.5628,0.5622,0.071,17,trunk
Gradient Boosting Regressor,1.3705,3.1314,1.7403,-0.2172,0.5787,0.5603,0.088,17,trunk
Light Gradient Boosting Machine,1.3715,3.0287,1.7092,-0.2001,0.5804,0.543,0.076,17,trunk
Orthogonal Matching Pursuit,1.3774,2.8672,1.6863,-0.0809,0.5916,0.5049,0.075,17,trunk
Elastic Net,1.4039,2.8812,1.6878,-0.0745,0.5931,0.5178,0.067,17,trunk
Lasso Least Angle Regression,1.4039,2.8812,1.6878,-0.0745,0.5931,0.5178,0.066,17,trunk
Lasso Regression,1.4039,2.8812,1.6878,-0.0745,0.5931,0.5178,0.068,17,trunk
Dummy Regressor,1.4039,2.8812,1.6878,-0.0745,0.5931,0.5178,0.075,17,trunk
K Neighbors Regressor,1.4056,3.065,1.7259,-0.1528,0.5882,0.5395,0.068,17,trunk
Bayesian Ridge,1.407,2.9638,1.715,-0.1239,0.5991,0.5225,0.071,17,trunk
Decision Tree Regressor,1.5826,4.4932,2.0737,-0.7368,0.6958,0.6917,0.073,17,trunk
Passive Aggressive Regressor,2.5394,9.092,2.8727,-2.6626,0.7994,1.2064,0.07,17,trunk
Least Angle Regression,4070.6963,173593860.1166,5302.2531,-62662182.0466,3.5608,1852.1975,0.071,17,trunk
Extra Trees Regressor,0.595,0.6123,0.7753,0.2671,0.4026,0.3236,0.115,1,upperarm
Random Forest Regressor,0.6084,0.6401,0.7906,0.2533,0.4094,0.3271,0.116,1,upperarm
Gradient Boosting Regressor,0.6142,0.6745,0.8087,0.2082,0.4165,0.378,0.095,1,upperarm
AdaBoost Regressor,0.6533,0.6545,0.7941,0.2371,0.4123,0.3889,0.089,1,upperarm
Light Gradient Boosting Machine,0.6718,0.7156,0.8399,0.1415,0.439,0.4097,0.074,1,upperarm
Linear Regression,0.7115,0.7393,0.8555,0.1078,0.4551,0.4134,0.072,1,upperarm
Bayesian Ridge,0.72,0.8043,0.8913,0.0649,0.4496,0.361,0.076,1,upperarm
Ridge Regression,0.7226,0.8145,0.8971,0.0573,0.4495,0.3537,0.069,1,upperarm
Decision Tree Regressor,0.7238,1.1821,1.0733,-0.3197,0.5732,0.4843,0.073,1,upperarm
Huber Regressor,0.7382,0.8406,0.9064,0.026,0.4524,0.3927,0.072,1,upperarm
K Neighbors Regressor,0.8028,0.9422,0.9619,-0.082,0.4759,0.483,0.076,1,upperarm
Dummy Regressor,0.8072,1.0636,1.0153,-0.1311,0.5037,0.2997,0.071,1,upperarm
Lasso Regression,0.8093,1.0633,1.0156,-0.1319,0.5044,0.3022,0.07,1,upperarm
Lasso Least Angle Regression,0.8093,1.0633,1.0156,-0.1319,0.5044,0.3022,0.077,1,upperarm
Elastic Net,0.8112,1.0484,1.0094,-0.1174,0.5015,0.3141,0.072,1,upperarm
Orthogonal Matching Pursuit,0.8232,1.0435,1.0084,-0.1178,0.5008,0.3425,0.081,1,upperarm
Passive Aggressive Regressor,1.2185,2.4772,1.4464,-2.0851,0.6281,0.7577,0.072,1,upperarm
Least Angle Regression,319.941,1497410.243,393.6559,-1089062.843,1.8052,192.6279,0.07,1,upperarm
Extra Trees Regressor,1.167,2.4426,1.5429,0.5003,0.4542,0.3346,0.12,2,upperarm
Random Forest Regressor,1.2026,2.6517,1.6093,0.4531,0.4783,0.3416,0.125,2,upperarm
Gradient Boosting Regressor,1.2361,2.7468,1.6401,0.4346,0.4809,0.3646,0.101,2,upperarm
Light Gradient Boosting Machine,1.239,2.7121,1.6293,0.4363,0.4754,0.3743,0.08,2,upperarm
AdaBoost Regressor,1.3518,2.8995,1.689,0.3916,0.5233,0.4303,0.088,2,upperarm
Linear Regression,1.5264,3.8297,1.911,0.2287,0.5328,0.4607,0.08,2,upperarm
Decision Tree Regressor,1.5745,5.4745,2.2745,-0.1493,0.6796,0.4826,0.085,2,upperarm
Huber Regressor,1.649,4.5791,2.1033,0.1056,0.5695,0.4641,0.077,2,upperarm
Ridge Regression,1.6699,4.5204,2.1027,0.1101,0.5885,0.5006,0.075,2,upperarm
Bayesian Ridge,1.7305,4.7872,2.1661,0.057,0.6091,0.5299,0.073,2,upperarm
K Neighbors Regressor,1.8216,5.3985,2.3087,-0.1038,0.6337,0.5679,0.073,2,upperarm
Elastic Net,1.955,5.1972,2.2659,-0.0328,0.6527,0.6768,0.084,2,upperarm
Orthogonal Matching Pursuit,1.9787,5.3134,2.2901,-0.0549,0.6575,0.6898,0.092,2,upperarm
Lasso Regression,1.9908,5.3571,2.3013,-0.0663,0.6603,0.7045,0.081,2,upperarm
Lasso Least Angle Regression,1.9908,5.3571,2.3013,-0.0663,0.6603,0.7045,0.075,2,upperarm
Dummy Regressor,1.9946,5.363,2.3028,-0.0678,0.6607,0.7092,0.078,2,upperarm
Passive Aggressive Regressor,3.1944,16.1441,3.7081,-2.2243,0.7588,1.1568,0.077,2,upperarm
Least Angle Regression,347.8222,1477782.9393,450.5985,-229156.376,2.0029,167.2158,0.074,2,upperarm
Random Forest Regressor,1.7771,5.1316,2.1989,0.2845,0.5742,0.4801,0.115,3,upperarm
AdaBoost Regressor,1.8154,5.6213,2.2807,0.2247,0.5788,0.5072,0.089,3,upperarm
Extra Trees Regressor,1.8262,5.0845,2.1926,0.2667,0.5585,0.5264,0.11,3,upperarm
Light Gradient Boosting Machine,1.8996,5.5002,2.2918,0.1973,0.5703,0.5478,0.075,3,upperarm
Gradient Boosting Regressor,1.9652,5.9341,2.3953,0.1388,0.6052,0.5248,0.094,3,upperarm
Linear Regression,1.9762,6.1206,2.4341,0.0754,0.6081,0.5007,0.075,3,upperarm
K Neighbors Regressor,2.1229,7.4537,2.6804,-0.0721,0.6838,0.5316,0.074,3,upperarm
Huber Regressor,2.1897,7.6815,2.7333,-0.1559,0.7061,0.6215,0.078,3,upperarm
Ridge Regression,2.2536,7.3467,2.6761,-0.0751,0.6944,0.5834,0.086,3,upperarm
Dummy Regressor,2.3281,7.6411,2.7361,-0.105,0.697,0.6039,0.076,3,upperarm
Lasso Least Angle Regression,2.3439,7.7164,2.7491,-0.115,0.6996,0.6079,0.077,3,upperarm
Lasso Regression,2.3439,7.7164,2.7491,-0.115,0.6996,0.6079,0.084,3,upperarm
Bayesian Ridge,2.3442,7.7182,2.7495,-0.1156,0.6999,0.6086,0.081,3,upperarm
Elastic Net,2.3482,7.7146,2.7474,-0.1139,0.6994,0.6086,0.081,3,upperarm
Orthogonal Matching Pursuit,2.3536,7.7293,2.748,-0.1151,0.6994,0.6096,0.073,3,upperarm
Decision Tree Regressor,2.5245,11.2409,3.2839,-0.7272,0.8238,0.7285,0.105,3,upperarm
Passive Aggressive Regressor,3.3828,18.7078,4.2044,-1.6056,0.9136,0.9057,0.076,3,upperarm
Least Angle Regression,391.8748,1011690.7224,499.2784,-172140.2809,2.7268,98.4764,0.08,3,upperarm
Extra Trees Regressor,0.81,1.2447,1.0784,-0.1331,0.4105,0.3854,0.118,4,upperarm
Random Forest Regressor,0.8353,1.294,1.1027,-0.1062,0.4203,0.3989,0.115,4,upperarm
Ridge Regression,0.8508,1.2457,1.0922,-0.0198,0.4468,0.4153,0.085,4,upperarm
Bayesian Ridge,0.8648,1.2755,1.105,-0.0511,0.4491,0.4281,0.078,4,upperarm
Huber Regressor,0.8715,1.283,1.1087,-0.1,0.4544,0.4223,0.098,4,upperarm
Linear Regression,0.8798,1.3239,1.1321,-0.2169,0.4496,0.4515,0.078,4,upperarm
AdaBoost Regressor,0.9209,1.6569,1.253,-0.3599,0.4652,0.4262,0.091,4,upperarm
Gradient Boosting Regressor,0.9273,1.6176,1.2296,-0.3635,0.4573,0.4669,0.102,4,upperarm
K Neighbors Regressor,0.9587,1.6036,1.2453,-0.3145,0.4842,0.478,0.084,4,upperarm
Elastic Net,0.9709,1.5455,1.2129,-0.1554,0.4737,0.4635,0.081,4,upperarm
Lasso Regression,0.9721,1.556,1.2158,-0.1431,0.4733,0.4589,0.08,4,upperarm
Lasso Least Angle Regression,0.9721,1.556,1.2158,-0.1431,0.4733,0.4589,0.077,4,upperarm
Orthogonal Matching Pursuit,0.9725,1.5418,1.2127,-0.1766,0.4754,0.4725,0.08,4,upperarm
Light Gradient Boosting Machine,0.9839,1.6718,1.2616,-0.4707,0.4821,0.4977,0.082,4,upperarm
Dummy Regressor,1.0748,1.9552,1.3478,-0.2714,0.5135,0.4974,0.087,4,upperarm
Decision Tree Regressor,1.0836,2.62,1.5846,-1.1747,0.5671,0.6622,0.077,4,upperarm
Passive Aggressive Regressor,1.1637,2.3169,1.441,-0.6812,0.5343,0.6346,0.079,4,upperarm
Least Angle Regression,36.7753,12021.5168,45.6679,-4328.9374,1.3134,30.86,0.084,4,upperarm
Extra Trees Regressor,0.3744,0.2351,0.4774,0.2034,0.3078,0.3494,0.11,5,upperarm
Random Forest Regressor,0.3777,0.2504,0.4906,0.1412,0.3058,0.3561,0.121,5,upperarm
Huber Regressor,0.3936,0.2515,0.4894,0.1785,0.3114,0.3491,0.093,5,upperarm
Linear Regression,0.3965,0.2447,0.4778,0.216,0.3048,0.3269,0.088,5,upperarm
Ridge Regression,0.3994,0.2346,0.4736,0.2373,0.307,0.3667,0.081,5,upperarm
Bayesian Ridge,0.408,0.2353,0.4756,0.2372,0.3087,0.3725,0.084,5,upperarm
Light Gradient Boosting Machine,0.4085,0.2508,0.4975,0.158,0.316,0.3984,0.086,5,upperarm
Gradient Boosting Regressor,0.4196,0.3239,0.5594,-0.1405,0.3452,0.4108,0.098,5,upperarm
Decision Tree Regressor,0.4235,0.4583,0.6634,-0.6656,0.4282,0.3841,0.08,5,upperarm
AdaBoost Regressor,0.4351,0.2917,0.5295,-0.0185,0.3323,0.3776,0.097,5,upperarm
K Neighbors Regressor,0.4445,0.2883,0.5308,0.0477,0.3398,0.4089,0.104,5,upperarm
Passive Aggressive Regressor,0.4853,0.3917,0.6028,-0.2623,0.3737,0.3902,0.077,5,upperarm
Orthogonal Matching Pursuit,0.5388,0.357,0.5866,-0.0553,0.3802,0.4353,0.085,5,upperarm
Elastic Net,0.5532,0.3646,0.5916,-0.0683,0.3831,0.4389,0.084,5,upperarm
Lasso Regression,0.56,0.3711,0.5967,-0.0883,0.3859,0.4442,0.08,5,upperarm
Lasso Least Angle Regression,0.56,0.3711,0.5967,-0.0883,0.3859,0.4442,0.084,5,upperarm
Dummy Regressor,0.56,0.3711,0.5967,-0.0883,0.3859,0.4442,0.082,5,upperarm
Least Angle Regression,227.8831,778571.8474,287.8796,-1885084.5928,1.8136,332.9336,0.085,5,upperarm
AdaBoost Regressor,2.4534,9.5453,2.8953,-2.4693,0.7126,0.4117,0.093,6,upperarm
Extra Trees Regressor,2.621,9.0043,2.9592,-5.1043,0.7322,0.4212,0.112,6,upperarm
K Neighbors Regressor,2.639,11.5398,3.2793,-3.4225,0.7888,0.3107,0.084,6,upperarm
Random Forest Regressor,2.6496,9.5936,3.0498,-7.2382,0.7559,0.4054,0.121,6,upperarm
Gradient Boosting Regressor,2.7471,11.0276,3.2677,-7.3881,0.773,0.5198,0.095,6,upperarm
Ridge Regression,3.0431,12.4284,3.4628,-10.9673,0.8171,0.4479,0.083,6,upperarm
Decision Tree Regressor,3.095,17.885,4.0257,-26.0437,0.9773,0.6403,0.091,6,upperarm
Dummy Regressor,3.241,12.8071,3.5235,-9.4271,0.8192,0.4703,0.084,6,upperarm
Light Gradient Boosting Machine,3.241,12.8071,3.5235,-9.4271,0.8192,0.4703,0.086,6,upperarm
Orthogonal Matching Pursuit,3.2431,12.9858,3.55,-9.0552,0.8218,0.4707,0.084,6,upperarm
Bayesian Ridge,3.2554,12.9222,3.5385,-9.4264,0.8212,0.4735,0.083,6,upperarm
Lasso Regression,3.2574,13.026,3.5545,-9.2088,0.8226,0.472,0.086,6,upperarm
Lasso Least Angle Regression,3.2574,13.026,3.5545,-9.2088,0.8226,0.472,0.077,6,upperarm
Elastic Net,3.2849,13.1872,3.5791,-9.528,0.8259,0.4803,0.084,6,upperarm
Linear Regression,3.5196,19.5282,4.2025,-12.5458,0.8897,0.6504,0.086,6,upperarm
Huber Regressor,3.6817,18.6536,4.1951,-19.0929,0.9199,0.5911,0.084,6,upperarm
Passive Aggressive Regressor,3.9483,24.2598,4.6517,-9.5431,1.0347,0.5981,0.083,6,upperarm
Least Angle Regression,47.1308,9843.5072,53.3884,-884.8437,1.7423,6.8018,0.098,6,upperarm
Decision Tree Regressor,0.16,0.16,0.3313,0.2591,0.1778,0.1,0.089,8,upperarm
Gradient Boosting Regressor,0.2073,0.1343,0.3461,0.2167,0.1856,0.1311,0.099,8,upperarm
Huber Regressor,0.2145,0.2132,0.3764,-0.1014,0.2231,0.0547,0.088,8,upperarm
AdaBoost Regressor,0.2315,0.205,0.4386,0.1181,0.2358,0.1262,0.127,8,upperarm
Lasso Least Angle Regression,0.243,0.2161,0.3898,-0.1095,0.2289,0.0879,0.086,8,upperarm
Dummy Regressor,0.243,0.2161,0.3898,-0.1095,0.2289,0.0879,0.087,8,upperarm
Lasso Regression,0.243,0.2161,0.3898,-0.1095,0.2289,0.0879,0.086,8,upperarm
Elastic Net,0.2494,0.2148,0.3935,-0.0972,0.2311,0.0963,0.084,8,upperarm
Bayesian Ridge,0.2725,0.2114,0.4008,-0.0732,0.2355,0.1245,0.088,8,upperarm
Light Gradient Boosting Machine,0.2831,0.1503,0.363,0.1321,0.2101,0.1916,0.083,8,upperarm
Random Forest Regressor,0.2937,0.1697,0.3958,0.135,0.2281,0.1839,0.118,8,upperarm
Orthogonal Matching Pursuit,0.2938,0.2091,0.4067,-0.0542,0.2392,0.1518,0.089,8,upperarm
Extra Trees Regressor,0.306,0.1725,0.4014,0.1249,0.2286,0.2069,0.121,8,upperarm
Ridge Regression,0.3128,0.2109,0.4192,-0.0527,0.2442,0.1757,0.086,8,upperarm
K Neighbors Regressor,0.326,0.2511,0.4557,-0.2236,0.2603,0.1835,0.083,8,upperarm
Passive Aggressive Regressor,0.3578,0.2519,0.4842,-0.1216,0.2732,0.2141,0.085,8,upperarm
Linear Regression,0.4438,0.3205,0.5227,-0.4601,0.3045,0.3502,0.093,8,upperarm
Least Angle Regression,156.7036,312362.5198,197.2644,-1950749.1867,2.5504,114.7401,0.086,8,upperarm
Extra Trees Regressor,1.1404,2.1786,1.4541,0.6864,0.5033,0.3205,0.12,9,upperarm
Random Forest Regressor,1.2671,2.7211,1.6286,0.6084,0.5376,0.377,0.133,9,upperarm
AdaBoost Regressor,1.2737,2.6519,1.5955,0.6186,0.536,0.3883,0.104,9,upperarm
Gradient Boosting Regressor,1.3433,2.9448,1.6914,0.5653,0.5629,0.4221,0.115,9,upperarm
Light Gradient Boosting Machine,1.3677,3.2006,1.7772,0.5186,0.5682,0.4152,0.091,9,upperarm
Decision Tree Regressor,1.5367,4.5875,2.0728,0.3221,0.6461,0.482,0.095,9,upperarm
Linear Regression,1.8554,5.3273,2.287,0.2494,0.7009,0.6456,0.085,9,upperarm
K Neighbors Regressor,2.0732,6.579,2.5431,0.0488,0.7356,0.6041,0.086,9,upperarm
Huber Regressor,2.2734,7.6779,2.7254,-0.101,0.8015,0.7541,0.088,9,upperarm
Ridge Regression,2.3044,7.1903,2.6624,-0.0073,0.8028,0.7503,0.093,9,upperarm
Dummy Regressor,2.4937,7.7284,2.756,-0.0571,0.8189,0.7928,0.088,9,upperarm
Lasso Regression,2.4938,7.7296,2.7563,-0.0574,0.819,0.7928,0.083,9,upperarm
Lasso Least Angle Regression,2.4938,7.7296,2.7563,-0.0574,0.819,0.7928,0.096,9,upperarm
Elastic Net,2.4951,7.7404,2.7589,-0.0606,0.8196,0.7933,0.088,9,upperarm
Orthogonal Matching Pursuit,2.5044,7.8747,2.787,-0.0869,0.8267,0.7866,0.083,9,upperarm
Bayesian Ridge,2.5085,7.9698,2.8008,-0.0976,0.8314,0.797,0.086,9,upperarm
Passive Aggressive Regressor,3.0537,14.0187,3.5662,-0.9313,0.9732,0.8757,0.098,9,upperarm
Least Angle Regression,868.2422,9675498.7413,1140.5395,-1481156.1179,2.374,227.6031,0.088,9,upperarm
Random Forest Regressor,0.9867,1.3856,1.1563,0.1074,0.4865,0.4269,0.14,10,upperarm
Extra Trees Regressor,0.9907,1.3554,1.1483,0.1244,0.4839,0.4493,0.123,10,upperarm
Gradient Boosting Regressor,1.0212,1.5899,1.2227,-0.0297,0.5127,0.4558,0.113,10,upperarm
Light Gradient Boosting Machine,1.0405,1.551,1.2227,0.0012,0.5072,0.4767,0.094,10,upperarm
AdaBoost Regressor,1.0508,1.5788,1.2377,-0.0211,0.5118,0.4587,0.105,10,upperarm
Orthogonal Matching Pursuit,1.0787,1.5816,1.252,-0.0265,0.5266,0.4581,0.089,10,upperarm
Lasso Least Angle Regression,1.0811,1.5678,1.2469,-0.0174,0.5246,0.4636,0.095,10,upperarm
Dummy Regressor,1.0811,1.5678,1.2469,-0.0174,0.5246,0.4636,0.094,10,upperarm
Lasso Regression,1.0811,1.5678,1.2469,-0.0174,0.5246,0.4636,0.092,10,upperarm
Bayesian Ridge,1.0817,1.5724,1.2487,-0.0207,0.5254,0.4632,0.092,10,upperarm
Elastic Net,1.0821,1.5725,1.2488,-0.0207,0.5254,0.4636,0.103,10,upperarm
Ridge Regression,1.1043,1.6157,1.2646,-0.0528,0.5298,0.4821,0.092,10,upperarm
K Neighbors Regressor,1.116,1.7637,1.3044,-0.1288,0.54,0.5159,0.088,10,upperarm
Huber Regressor,1.1337,1.6926,1.2934,-0.1025,0.5387,0.5049,0.088,10,upperarm
Linear Regression,1.1505,1.8236,1.3386,-0.1782,0.5533,0.5123,0.093,10,upperarm
Decision Tree Regressor,1.2176,2.3338,1.5088,-0.4997,0.6278,0.6246,0.099,10,upperarm
Passive Aggressive Regressor,1.6952,4.294,2.0,-1.9245,0.7301,0.9272,0.091,10,upperarm
Least Angle Regression,5.1522,73.8284,6.7117,-44.9116,1.0502,3.1474,0.086,10,upperarm
Gradient Boosting Regressor,0.9217,1.8015,1.2862,-0.1134,0.4282,0.2468,0.115,12,upperarm
AdaBoost Regressor,0.9226,1.5966,1.2229,0.1129,0.3959,0.2531,0.104,12,upperarm
Extra Trees Regressor,0.9463,1.7111,1.2672,-0.0032,0.4157,0.262,0.141,12,upperarm
Random Forest Regressor,0.9603,1.8756,1.3254,-0.2149,0.4455,0.273,0.149,12,upperarm
Decision Tree Regressor,0.9615,2.8987,1.6185,-0.7719,0.5357,0.2759,0.095,12,upperarm
Light Gradient Boosting Machine,1.1341,2.1107,1.417,-0.1712,0.4458,0.3058,0.097,12,upperarm
Huber Regressor,1.184,2.9355,1.64,-0.2576,0.5293,0.3159,0.096,12,upperarm
Linear Regression,1.2365,2.5766,1.5646,-0.4465,0.4953,0.3043,0.094,12,upperarm
Orthogonal Matching Pursuit,1.283,2.6814,1.5976,-0.3118,0.5125,0.3424,0.093,12,upperarm
Ridge Regression,1.2832,2.7723,1.6079,-0.2668,0.5138,0.3467,0.096,12,upperarm
K Neighbors Regressor,1.2856,2.9793,1.6521,-0.4027,0.5232,0.3727,0.093,12,upperarm
Dummy Regressor,1.2876,2.6334,1.5845,-0.3032,0.5099,0.3492,0.094,12,upperarm
Bayesian Ridge,1.2937,2.6735,1.5954,-0.3155,0.512,0.3503,0.093,12,upperarm
Lasso Regression,1.2938,2.6663,1.5939,-0.315,0.5117,0.3508,0.095,12,upperarm
Elastic Net,1.2938,2.6816,1.5988,-0.3221,0.5127,0.3484,0.106,12,upperarm
Lasso Least Angle Regression,1.2938,2.6663,1.5939,-0.315,0.5117,0.3508,0.092,12,upperarm
Passive Aggressive Regressor,2.3234,7.4513,2.6237,-3.754,0.7318,0.583,0.093,12,upperarm
Least Angle Regression,2.3461,11.6965,2.8723,-11.2281,0.5736,0.6427,0.093,12,upperarm
Gradient Boosting Regressor,2.0892,7.0773,2.6,-0.3431,0.7336,0.3709,0.112,13,upperarm
AdaBoost Regressor,2.095,6.9689,2.5999,-0.3197,0.7196,0.3465,0.102,13,upperarm
Light Gradient Boosting Machine,2.1638,6.9997,2.6156,-0.3355,0.7299,0.3823,0.096,13,upperarm
Random Forest Regressor,2.1661,7.2439,2.6547,-0.4147,0.7457,0.3464,0.131,13,upperarm
Extra Trees Regressor,2.1907,7.113,2.6349,-0.3976,0.7474,0.3864,0.126,13,upperarm
Ridge Regression,2.225,7.4423,2.6398,-0.3909,0.7583,0.3409,0.094,13,upperarm
Linear Regression,2.2728,7.6613,2.6844,-0.912,0.7472,0.4807,0.092,13,upperarm
Huber Regressor,2.2984,7.946,2.7456,-0.5674,0.8031,0.3948,0.094,13,upperarm
Bayesian Ridge,2.3737,8.447,2.8532,-0.5776,0.8029,0.3671,0.096,13,upperarm
Orthogonal Matching Pursuit,2.3737,8.2887,2.8158,-0.5418,0.7986,0.3857,0.1,13,upperarm
Elastic Net,2.3874,8.3049,2.8231,-0.5426,0.7978,0.3891,0.1,13,upperarm
Lasso Regression,2.3919,8.3055,2.826,-0.5413,0.7971,0.3899,0.094,13,upperarm
Lasso Least Angle Regression,2.3919,8.3055,2.826,-0.5413,0.7971,0.3899,0.102,13,upperarm
Dummy Regressor,2.4098,8.2868,2.8317,-0.5293,0.7928,0.3973,0.09,13,upperarm
K Neighbors Regressor,2.5086,9.2141,2.9908,-0.8031,0.8329,0.4134,0.114,13,upperarm
Decision Tree Regressor,2.5486,11.5681,3.3463,-1.5417,0.9185,0.5367,0.095,13,upperarm
Passive Aggressive Regressor,3.4009,18.1274,4.0485,-1.9893,1.0236,0.7088,0.098,13,upperarm
Least Angle Regression,56.1474,25574.4975,84.5506,-5778.9778,2.1815,10.3567,0.114,13,upperarm
Light Gradient Boosting Machine,1.3231,3.0167,1.7187,0.4228,0.5265,0.5584,0.096,15,upperarm
Gradient Boosting Regressor,1.3509,3.1478,1.7543,0.4041,0.5417,0.5515,0.119,15,upperarm
Extra Trees Regressor,1.3731,2.913,1.6789,0.4562,0.5217,0.5472,0.141,15,upperarm
Random Forest Regressor,1.3803,3.0239,1.7146,0.4326,0.5302,0.5375,0.141,15,upperarm
Linear Regression,1.3901,3.1485,1.7381,0.4183,0.5378,0.6074,0.1,15,upperarm
Bayesian Ridge,1.4371,3.1294,1.7443,0.4152,0.5385,0.6196,0.099,15,upperarm
AdaBoost Regressor,1.5204,3.3624,1.8048,0.3688,0.5686,0.583,0.104,15,upperarm
Huber Regressor,1.6892,4.2077,2.0232,0.1959,0.6117,0.6735,0.108,15,upperarm
Ridge Regression,1.755,4.2076,2.0253,0.2005,0.6281,0.6465,0.096,15,upperarm
Decision Tree Regressor,1.7662,5.8388,2.394,-0.1279,0.7491,0.7113,0.093,15,upperarm
Orthogonal Matching Pursuit,2.0494,5.4203,2.313,-0.0467,0.7369,0.6889,0.095,15,upperarm
Lasso Regression,2.0531,5.4298,2.3158,-0.0493,0.7395,0.6865,0.092,15,upperarm
Lasso Least Angle Regression,2.0531,5.4298,2.3158,-0.0493,0.7395,0.6865,0.095,15,upperarm
Elastic Net,2.0582,5.4486,2.3194,-0.0517,0.7401,0.6908,0.101,15,upperarm
Dummy Regressor,2.127,5.7914,2.397,-0.1279,0.7699,0.6903,0.128,15,upperarm
K Neighbors Regressor,2.1607,6.5169,2.5372,-0.2941,0.7811,0.7629,0.095,15,upperarm
Passive Aggressive Regressor,2.6876,11.6539,3.2577,-1.2867,0.8408,0.9785,0.125,15,upperarm
Least Angle Regression,712.6979,3019252.1131,836.4628,-574027.7864,2.8585,233.8146,0.112,15,upperarm
Extra Trees Regressor,2.1306,6.9985,2.5234,-0.0589,0.7001,0.5069,0.134,16,upperarm
Gradient Boosting Regressor,2.1418,7.6776,2.6663,-0.2941,0.703,0.5167,0.141,16,upperarm
Random Forest Regressor,2.2455,7.8944,2.6943,-0.1886,0.7516,0.502,0.139,16,upperarm
AdaBoost Regressor,2.2655,8.44,2.773,-0.2351,0.7469,0.5066,0.123,16,upperarm
Light Gradient Boosting Machine,2.3447,8.3203,2.7787,-0.2021,0.8017,0.5019,0.102,16,upperarm
Dummy Regressor,2.5107,8.4639,2.8419,-0.2419,0.806,0.5601,0.102,16,upperarm
Bayesian Ridge,2.5591,8.9188,2.9038,-0.2883,0.8157,0.5683,0.13,16,upperarm
Lasso Regression,2.5672,9.0225,2.9166,-0.2989,0.8171,0.5698,0.097,16,upperarm
Lasso Least Angle Regression,2.5672,9.0225,2.9166,-0.2989,0.8171,0.5698,0.129,16,upperarm
Elastic Net,2.5859,9.274,2.9468,-0.3248,0.8203,0.5728,0.102,16,upperarm
K Neighbors Regressor,2.6181,9.8286,3.0261,-0.5095,0.8345,0.5448,0.103,16,upperarm
Orthogonal Matching Pursuit,2.6379,9.8026,3.0169,-0.3876,0.8296,0.573,0.123,16,upperarm
Ridge Regression,2.7353,11.3024,3.199,-0.6147,0.8556,0.6073,0.098,16,upperarm
Decision Tree Regressor,2.7619,13.381,3.555,-1.2026,0.8458,0.7658,0.098,16,upperarm
Linear Regression,2.7662,12.2447,3.3229,-0.7411,0.88,0.617,0.104,16,upperarm
Huber Regressor,2.9511,13.7957,3.5651,-1.2324,0.9154,0.6349,0.13,16,upperarm
Passive Aggressive Regressor,4.0048,26.2461,4.7767,-2.6034,1.2651,0.8834,0.114,16,upperarm
Least Angle Regression,283.1302,509424.9068,348.7239,-49920.8178,2.8498,93.4409,0.097,16,upperarm
Extra Trees Regressor,0.8905,1.4447,1.1478,0.4238,0.4054,0.3626,0.145,17,upperarm
Random Forest Regressor,0.9233,1.5479,1.1913,0.3953,0.4207,0.3856,0.159,17,upperarm
Gradient Boosting Regressor,0.9334,1.6096,1.2297,0.3199,0.4195,0.4265,0.149,17,upperarm
Linear Regression,0.976,1.6081,1.2191,0.4031,0.4374,0.4269,0.095,17,upperarm
AdaBoost Regressor,0.9958,1.6061,1.237,0.3356,0.4542,0.3928,0.127,17,upperarm
Huber Regressor,1.0204,1.7926,1.2922,0.3271,0.4715,0.4387,0.101,17,upperarm
Bayesian Ridge,1.0286,1.8395,1.3049,0.3192,0.4691,0.4401,0.101,17,upperarm
Light Gradient Boosting Machine,1.0411,1.7517,1.3004,0.2692,0.4579,0.4579,0.108,17,upperarm
Ridge Regression,1.1041,2.0066,1.3686,0.2478,0.4929,0.4553,0.101,17,upperarm
Decision Tree Regressor,1.1697,2.9924,1.6714,-0.3367,0.5715,0.4837,0.1,17,upperarm
K Neighbors Regressor,1.1773,2.3404,1.4886,0.0951,0.558,0.4562,0.1,17,upperarm
Orthogonal Matching Pursuit,1.2706,2.5476,1.5585,0.0138,0.5576,0.4976,0.103,17,upperarm
Elastic Net,1.2919,2.5433,1.5558,0.0207,0.5603,0.4981,0.101,17,upperarm
Lasso Regression,1.3126,2.5775,1.5646,0.011,0.567,0.5008,0.101,17,upperarm
Lasso Least Angle Regression,1.3126,2.5775,1.5646,0.011,0.567,0.5008,0.108,17,upperarm
Dummy Regressor,1.4141,2.9102,1.6624,-0.1167,0.5954,0.5433,0.106,17,upperarm
Passive Aggressive Regressor,1.6912,4.4486,2.0083,-0.7497,0.6779,0.6707,0.101,17,upperarm
Least Angle Regression,607.3751,2954604.4932,763.218,-876625.5839,2.9165,322.8455,0.102,17,upperarm
